url,requested_url,local_filename,page,alt_text,width,height
"https://static.wixstatic.com/media/23fd2a2be53141ed810f4d3dcdcd01fa.png/v1/fill/w_35,h_35,al_c,q_85,usm_0.66_1.00_0.01,enc_avif,quality_auto/23fd2a2be53141ed810f4d3dcdcd01fa.png",https://static.wixstatic.com/media/23fd2a2be53141ed810f4d3dcdcd01fa.png,register-00-9ca0a4d6.png,register,Facebook,200,200
"https://static.wixstatic.com/media/276df0_bdf3c0991fb54d8c9ceb1c938f7bf9c6%7Emv2.png/v1/fit/w_2500,h_1330,al_c/276df0_bdf3c0991fb54d8c9ceb1c938f7bf9c6%7Emv2.png",https://static.wixstatic.com/media/276df0_bdf3c0991fb54d8c9ceb1c938f7bf9c6%7Emv2.png,register-01-0c8fe5bb.png,register,,2100,1500
"https://static.wixstatic.com/media/276df0_fcecc2a01b7c4e9383d0f0603271afcc~mv2.png/v1/crop/x_0,y_533,w_2500,h_788/fill/w_235,h_74,al_c,q_85,usm_0.66_1.00_0.01,enc_avif,quality_auto/Untitled%20drawing.png",https://static.wixstatic.com/media/276df0_fcecc2a01b7c4e9383d0f0603271afcc~mv2.png,register-02-6aed0432.png,register,Untitled drawing.png,2500,1875
"https://static.wixstatic.com/media/81af6121f84c41a5b4391d7d37fce12a.png/v1/fill/w_35,h_35,al_c,q_85,usm_0.66_1.00_0.01,enc_avif,quality_auto/81af6121f84c41a5b4391d7d37fce12a.png",https://static.wixstatic.com/media/81af6121f84c41a5b4391d7d37fce12a.png,register-03-6246abd0.png,register,Instagram,200,200
"https://static.wixstatic.com/media/276df0_b05d5e3f97e54ff89be362ea037fa08b~mv2.jpeg/v1/fill/w_1280,h_402,al_b,q_85,usm_0.66_1.00_0.01,enc_avif,quality_auto/276df0_b05d5e3f97e54ff89be362ea037fa08b~mv2.jpeg",https://static.wixstatic.com/media/276df0_b05d5e3f97e54ff89be362ea037fa08b~mv2.jpeg,about-00-9b18c6b0.jpeg,about,2566496B-2CEE-4406-B6AF-D30EB5252BBF.jpeg,3024,1302
"https://static.wixstatic.com/media/39aeda_b55b94f4cbe347c7b53e7253fd224a80~mv2.jpg/v1/fill/w_1280,h_731,al_c,q_85,usm_0.66_1.00_0.01,enc_avif,quality_auto/39aeda_b55b94f4cbe347c7b53e7253fd224a80~mv2.jpg",https://static.wixstatic.com/media/39aeda_b55b94f4cbe347c7b53e7253fd224a80~mv2.jpg,about-01-13cc2c1e.jpg,about,PXL_20230801_232416120_edited.jpg,3000,1790
"https://static.wixstatic.com/media/39aeda_b83a3dcc06214ab3b7d769b9a7d3e03d~mv2.jpg/v1/crop/x_0,y_185,w_2743,h_1591/fill/w_979,h_568,al_c,q_85,usm_0.66_1.00_0.01,enc_avif,quality_auto/DSCF5948_edited.jpg",https://static.wixstatic.com/media/39aeda_b83a3dcc06214ab3b7d769b9a7d3e03d~mv2.jpg,about-02-8b4ef1c5.jpg,about,DSCF5948_edited.jpg,2743,1962
"https://static.wixstatic.com/media/276df0_363e6083345f41ad94319754717b3f88~mv2.jpg/v1/fill/w_200,h_200,al_c,q_80,usm_0.66_1.00_0.01,enc_avif,quality_auto/greg_edited.jpg",https://static.wixstatic.com/media/276df0_363e6083345f41ad94319754717b3f88~mv2.jpg,coaches-00-6bc45535.jpg,coaches,greg_edited.jpg,2048,2048
"https://static.wixstatic.com/media/276df0_5d0b96b8685543198b9646b3d786e910~mv2.jpeg/v1/fill/w_1280,h_372,al_b,q_85,usm_0.66_1.00_0.01,enc_avif,quality_auto/276df0_5d0b96b8685543198b9646b3d786e910~mv2.jpeg",https://static.wixstatic.com/media/276df0_5d0b96b8685543198b9646b3d786e910~mv2.jpeg,coaches-01-c1bee67b.jpeg,coaches,IMG_1093.jpeg,4032,2638
"https://static.wixstatic.com/media/276df0_d6c574c435964f8db9121daa8ea80b29~mv2.jpg/v1/fill/w_200,h_200,al_c,q_80,usm_0.66_1.00_0.01,enc_avif,quality_auto/KJ_edited.jpg",https://static.wixstatic.com/media/276df0_d6c574c435964f8db9121daa8ea80b29~mv2.jpg,coaches-02-1fff2a21.jpg,coaches,KJ_edited.jpg,2400,2400
"https://static.wixstatic.com/media/276df0_dd86bf121844427eac9cf00a1c92ea11~mv2.jpg/v1/fill/w_200,h_200,al_c,q_80,usm_0.66_1.00_0.01,enc_avif,quality_auto/rebecca_edited.jpg",https://static.wixstatic.com/media/276df0_dd86bf121844427eac9cf00a1c92ea11~mv2.jpg,coaches-03-52d6e8ed.jpg,coaches,rebecca_edited.jpg,2688,2688
"https://static.wixstatic.com/media/276df0_b2da2db6c64d4677b8a271017f9b3f40~mv2.jpg/v1/fill/w_1280,h_720,al_t,q_85,usm_0.66_1.00_0.01,enc_avif,quality_auto/276df0_b2da2db6c64d4677b8a271017f9b3f40~mv2.jpg",https://static.wixstatic.com/media/276df0_b2da2db6c64d4677b8a271017f9b3f40~mv2.jpg,sisu-signup-00-038c18b8.jpg,sisu-signup,,3000,1970
"https://static.wixstatic.com/media/39aeda_de5718d037a0442195f668ff7d6aa484~mv2.png/v1/crop/x_0,y_56,w_2830,h_1962/fill/w_978,h_678,al_c,q_90,usm_0.66_1.00_0.01,enc_avif,quality_auto/IMG_0346_edited.png",https://static.wixstatic.com/media/39aeda_de5718d037a0442195f668ff7d6aa484~mv2.png,contact-00-ebf9eb49.png,contact,IMG_0346_edited.png,2830,2073
"https://static.wixstatic.com/media/276df0_0b740b01899349089fd462361b4363e9~mv2.jpg/v1/fill/w_306,h_229,q_90,enc_avif,quality_auto/276df0_0b740b01899349089fd462361b4363e9~mv2.jpg",https://static.wixstatic.com/media/276df0_0b740b01899349089fd462361b4363e9~mv2.jpg,community-00-95e817ec.jpg,community,IMG_9900.JPG,4032,3024
"https://static.wixstatic.com/media/276df0_132ce8bbdf544542a253023cb8a8eebf~mv2.jpg/v1/fill/w_305,h_152,q_90,enc_avif,quality_auto/276df0_132ce8bbdf544542a253023cb8a8eebf~mv2.jpg",https://static.wixstatic.com/media/276df0_132ce8bbdf544542a253023cb8a8eebf~mv2.jpg,community-01-0b59625f.jpg,community,IMG_9599 copy.jpg,4004,1999
"https://static.wixstatic.com/media/276df0_2c523970ee7f46e893fce76c5271da5d~mv2.jpg/v1/fill/w_306,h_230,q_90,enc_avif,quality_auto/276df0_2c523970ee7f46e893fce76c5271da5d~mv2.jpg",https://static.wixstatic.com/media/276df0_2c523970ee7f46e893fce76c5271da5d~mv2.jpg,community-02-e74539f9.jpg,community,PXL_20220304_025304336.MP_Original.jpg,4080,3072
"https://static.wixstatic.com/media/276df0_34ab8a361f4740e29b26ef514899cd73~mv2.jpg/v1/fill/w_306,h_229,q_90,enc_avif,quality_auto/276df0_34ab8a361f4740e29b26ef514899cd73~mv2.jpg",https://static.wixstatic.com/media/276df0_34ab8a361f4740e29b26ef514899cd73~mv2.jpg,community-03-f3eca681.jpg,community,IMG_8696.JPG,4032,3024
"https://static.wixstatic.com/media/276df0_36216dff7c614967844d27cfa9c7474d~mv2.jpeg/v1/fill/w_305,h_229,q_90,enc_avif,quality_auto/276df0_36216dff7c614967844d27cfa9c7474d~mv2.jpeg",https://static.wixstatic.com/media/276df0_36216dff7c614967844d27cfa9c7474d~mv2.jpeg,community-04-a5b57800.jpeg,community,IMG_2766.jpeg,4032,3024
"https://static.wixstatic.com/media/276df0_37b1b12cd3c247fd9aca93972e096006~mv2.jpeg/v1/fill/w_305,h_229,q_90,enc_avif,quality_auto/276df0_37b1b12cd3c247fd9aca93972e096006~mv2.jpeg",https://static.wixstatic.com/media/276df0_37b1b12cd3c247fd9aca93972e096006~mv2.jpeg,community-05-bdd4b74e.jpeg,community,IMG_3989.jpeg,4032,3024
"https://static.wixstatic.com/media/276df0_6071bb8822784433a9237d4ffc4b5518~mv2.jpg/v1/fill/w_305,h_422,q_90,enc_avif,quality_auto/276df0_6071bb8822784433a9237d4ffc4b5518~mv2.jpg",https://static.wixstatic.com/media/276df0_6071bb8822784433a9237d4ffc4b5518~mv2.jpg,community-06-c682b4a6.jpg,community,AC690AE0-100D-4A43-A067-0CE68B120A1A copy.jpg,1118,1546
"https://static.wixstatic.com/media/276df0_643f2b5bebd049a89234bbc80dc01162~mv2.jpeg/v1/fill/w_305,h_407,q_90,enc_avif,quality_auto/276df0_643f2b5bebd049a89234bbc80dc01162~mv2.jpeg",https://static.wixstatic.com/media/276df0_643f2b5bebd049a89234bbc80dc01162~mv2.jpeg,community-07-b3104c54.jpeg,community,IMG_0852.jpeg,2117,2823
"https://static.wixstatic.com/media/276df0_6b687693f3c546f392d68f6dfb9c9e27~mv2.jpeg/v1/fill/w_306,h_229,q_90,enc_avif,quality_auto/276df0_6b687693f3c546f392d68f6dfb9c9e27~mv2.jpeg",https://static.wixstatic.com/media/276df0_6b687693f3c546f392d68f6dfb9c9e27~mv2.jpeg,community-08-7a07db4f.jpeg,community,IMG_2286.jpeg,4032,3024
"https://static.wixstatic.com/media/276df0_aa018a9eff2643b7a7918108cf8f8411~mv2.jpeg/v1/fill/w_305,h_407,q_90,enc_avif,quality_auto/276df0_aa018a9eff2643b7a7918108cf8f8411~mv2.jpeg",https://static.wixstatic.com/media/276df0_aa018a9eff2643b7a7918108cf8f8411~mv2.jpeg,community-09-84d03ac4.jpeg,community,IMG_9570.jpeg,2372,3162
"https://static.wixstatic.com/media/276df0_b169e636746a4ea6bbd40c3ce53f60ef~mv2.jpeg/v1/fill/w_306,h_230,q_90,enc_avif,quality_auto/276df0_b169e636746a4ea6bbd40c3ce53f60ef~mv2.jpeg",https://static.wixstatic.com/media/276df0_b169e636746a4ea6bbd40c3ce53f60ef~mv2.jpeg,community-10-5d95e803.jpeg,community,IMG_1753.jpeg,3888,2916
"https://static.wixstatic.com/media/276df0_cca17ec9697d404dbf26b26fa97b8313~mv2.jpg/v1/fill/w_305,h_222,q_90,enc_avif,quality_auto/276df0_cca17ec9697d404dbf26b26fa97b8313~mv2.jpg",https://static.wixstatic.com/media/276df0_cca17ec9697d404dbf26b26fa97b8313~mv2.jpg,community-11-28eea8ee.jpg,community,IMG_0788 copy.jpg,3569,2603
"https://static.wixstatic.com/media/276df0_d0a76ab3f4a64fcd86498b7179a0f749~mv2.jpg/v1/fill/w_305,h_227,q_90,enc_avif,quality_auto/276df0_d0a76ab3f4a64fcd86498b7179a0f749~mv2.jpg",https://static.wixstatic.com/media/276df0_d0a76ab3f4a64fcd86498b7179a0f749~mv2.jpg,community-12-3c5a27ae.jpg,community,IMG_7482.jpeg,803,597
"https://static.wixstatic.com/media/276df0_e42e5f575754475fbf53a2dcff7aa37e~mv2.jpeg/v1/fill/w_305,h_229,q_90,enc_avif,quality_auto/276df0_e42e5f575754475fbf53a2dcff7aa37e~mv2.jpeg",https://static.wixstatic.com/media/276df0_e42e5f575754475fbf53a2dcff7aa37e~mv2.jpeg,community-13-7f84b833.jpeg,community,IMG_3234.jpeg,2574,1931
"https://static.wixstatic.com/media/276df0_f1965da6e516458da989e2f72c269850~mv2.jpg/v1/fill/w_305,h_281,q_90,enc_avif,quality_auto/276df0_f1965da6e516458da989e2f72c269850~mv2.jpg",https://static.wixstatic.com/media/276df0_f1965da6e516458da989e2f72c269850~mv2.jpg,community-14-889754e8.jpg,community,B572F356-80AF-4992-8BBB-73A1E08BF159.JPG,3024,2782
"https://static.wixstatic.com/media/39aeda_43257d8b95994612a5462f0f9f795a07~mv2.png/v1/crop/x_0,y_229,w_2832,h_1191/fill/w_980,h_412,al_c,q_90,usm_0.66_1.00_0.01,enc_avif,quality_auto/DSCF7766_edited.png",https://static.wixstatic.com/media/39aeda_43257d8b95994612a5462f0f9f795a07~mv2.png,community-15-81a0d706.png,community,DSCF7766_edited.png,2832,1648
"https://static.wixstatic.com/media/39aeda_6937f426a1124227a3e708ac72bfdff9~mv2.jpg/v1/fill/w_306,h_204,q_90,enc_avif,quality_auto/39aeda_6937f426a1124227a3e708ac72bfdff9~mv2.jpg",https://static.wixstatic.com/media/39aeda_6937f426a1124227a3e708ac72bfdff9~mv2.jpg,community-16-29bf58b1.jpg,community,,6240,4160
"https://static.wixstatic.com/media/39aeda_b3af726f42dc4b678dc61e89af5383ba~mv2.jpg/v1/fill/w_1280,h_577,al_c,q_85,usm_0.66_1.00_0.01,enc_avif,quality_auto/39aeda_b3af726f42dc4b678dc61e89af5383ba~mv2.jpg",https://static.wixstatic.com/media/39aeda_b3af726f42dc4b678dc61e89af5383ba~mv2.jpg,community-17-e032346b.jpg,community,PXL_20240303_200618713_edited.jpg,3000,1431
"https://static.wixstatic.com/media/39aeda_eb2792239ff649ff92750e32585ba131~mv2.jpeg/v1/fill/w_305,h_203,q_90,enc_avif,quality_auto/39aeda_eb2792239ff649ff92750e32585ba131~mv2.jpeg",https://static.wixstatic.com/media/39aeda_eb2792239ff649ff92750e32585ba131~mv2.jpeg,community-18-dc813e70.jpeg,community,,1086,724
"https://static.wixstatic.com/media/39aeda_852fef4bb9114ab99bf902ed30033760~mv2.jpg/v1/fill/w_1280,h_864,al_b,q_85,usm_0.66_1.00_0.01,enc_avif,quality_auto/39aeda_852fef4bb9114ab99bf902ed30033760~mv2.jpg",https://static.wixstatic.com/media/39aeda_852fef4bb9114ab99bf902ed30033760~mv2.jpg,home-00-edd9185d.jpg,home,,2850,2018
"https://static.wixstatic.com/media/39aeda_d518c9aff1984b9b8390242dfa801abe~mv2.jpg/v1/crop/x_0,y_542,w_6240,h_3075/fill/w_980,h_483,al_c,q_85,usm_0.66_1.00_0.01,enc_avif,quality_auto/DSCF5041_JPG.jpg",https://static.wixstatic.com/media/39aeda_d518c9aff1984b9b8390242dfa801abe~mv2.jpg,home-01-564702c7.jpg,home,DSCF5041.JPG,6240,4160
"https://static.wixstatic.com/media/276df0_b9e9f7bd6b5a4edb96c20d54ea86d69d~mv2.jpeg/v1/crop/x_0,y_172,w_3411,h_1564/fill/w_979,h_449,al_c,q_85,usm_0.66_1.00_0.01,enc_avif,quality_auto/3CFF61D0-F8B4-4099-A0BD-599AEF361B6E.jpeg",https://static.wixstatic.com/media/276df0_b9e9f7bd6b5a4edb96c20d54ea86d69d~mv2.jpeg,racing-00-05115e4e.jpeg,racing,3CFF61D0-F8B4-4099-A0BD-599AEF361B6E.jpeg,3411,1908
"https://static.wixstatic.com/media/276df0_ba84d83724f9451d814d8e352d3f2038~mv2.jpg/v1/fill/w_372,h_248,q_90,enc_avif,quality_auto/276df0_ba84d83724f9451d814d8e352d3f2038~mv2.jpg",https://static.wixstatic.com/media/276df0_ba84d83724f9451d814d8e352d3f2038~mv2.jpg,racing-01-e7002d2a.jpg,racing,,1280,852
"https://static.wixstatic.com/media/39aeda_15b95e6fae0148b5a01104f5cb1b6070~mv2.jpg/v1/fill/w_253,h_190,q_90,enc_avif,quality_auto/39aeda_15b95e6fae0148b5a01104f5cb1b6070~mv2.jpg",https://static.wixstatic.com/media/39aeda_15b95e6fae0148b5a01104f5cb1b6070~mv2.jpg,racing-02-98c117f2.jpg,racing,,3648,2736
"https://static.wixstatic.com/media/39aeda_178d165570114ef596fe457c8e35397c~mv2.jpg/v1/fill/w_260,h_174,q_90,enc_avif,quality_auto/39aeda_178d165570114ef596fe457c8e35397c~mv2.jpg",https://static.wixstatic.com/media/39aeda_178d165570114ef596fe457c8e35397c~mv2.jpg,racing-03-6e7db6a2.jpg,racing,,2048,1365
"https://static.wixstatic.com/media/39aeda_1bfdc711eb42433c8b2f9bc506b622a0~mv2.jpg/v1/fill/w_287,h_215,q_90,enc_avif,quality_auto/39aeda_1bfdc711eb42433c8b2f9bc506b622a0~mv2.jpg",https://static.wixstatic.com/media/39aeda_1bfdc711eb42433c8b2f9bc506b622a0~mv2.jpg,racing-04-e61dbe32.jpg,racing,,5712,4284
"https://static.wixstatic.com/media/39aeda_2512b16016584071834a375218e873be~mv2.jpg/v1/fill/w_136,h_182,q_90,enc_avif,quality_auto/39aeda_2512b16016584071834a375218e873be~mv2.jpg",https://static.wixstatic.com/media/39aeda_2512b16016584071834a375218e873be~mv2.jpg,racing-05-6da48d8c.jpg,racing,,3024,4032
"https://static.wixstatic.com/media/39aeda_288fa59325c24ad099f2b3cd63ccf48c~mv2.jpg/v1/fill/w_189,h_253,q_90,enc_avif,quality_auto/39aeda_288fa59325c24ad099f2b3cd63ccf48c~mv2.jpg",https://static.wixstatic.com/media/39aeda_288fa59325c24ad099f2b3cd63ccf48c~mv2.jpg,racing-06-83b8e6eb.jpg,racing,,3024,4032
"https://static.wixstatic.com/media/39aeda_2c89ac43792144e981dd29d2309d98d4~mv2.jpg/v1/fill/w_123,h_164,q_90,enc_avif,quality_auto/39aeda_2c89ac43792144e981dd29d2309d98d4~mv2.jpg",https://static.wixstatic.com/media/39aeda_2c89ac43792144e981dd29d2309d98d4~mv2.jpg,racing-07-9e92d6c6.jpg,racing,,3024,4032
"https://static.wixstatic.com/media/39aeda_53498694b7e0427eaaee884871d1f187~mv2.jpg/v1/fill/w_509,h_384,q_90,enc_avif,quality_auto/39aeda_53498694b7e0427eaaee884871d1f187~mv2.jpg",https://static.wixstatic.com/media/39aeda_53498694b7e0427eaaee884871d1f187~mv2.jpg,racing-08-b1299a84.jpg,racing,,4080,3072
"https://static.wixstatic.com/media/39aeda_5372cb0819454a5d86f31e46a0942f3a~mv2.jpg/v1/fill/w_253,h_189,q_90,enc_avif,quality_auto/39aeda_5372cb0819454a5d86f31e46a0942f3a~mv2.jpg",https://static.wixstatic.com/media/39aeda_5372cb0819454a5d86f31e46a0942f3a~mv2.jpg,racing-09-325fb3fb.jpg,racing,,2259,1683
"https://static.wixstatic.com/media/39aeda_631db1ff3ead426eb59c2766e36315ec~mv2.jpg/v1/fill/w_158,h_164,q_90,enc_avif,quality_auto/39aeda_631db1ff3ead426eb59c2766e36315ec~mv2.jpg",https://static.wixstatic.com/media/39aeda_631db1ff3ead426eb59c2766e36315ec~mv2.jpg,racing-10-c77e48f9.jpg,racing,,2250,2332
"https://static.wixstatic.com/media/39aeda_9f1da754453940dbbfb020066f218685~mv2.jpg/v1/fill/w_181,h_272,q_90,enc_avif,quality_auto/39aeda_9f1da754453940dbbfb020066f218685~mv2.jpg",https://static.wixstatic.com/media/39aeda_9f1da754453940dbbfb020066f218685~mv2.jpg,racing-11-a2b3aa75.jpg,racing,,1363,2048
"https://static.wixstatic.com/media/39aeda_9f703fb096284f87a32f799f134c9314~mv2.jpg/v1/fill/w_286,h_215,q_90,enc_avif,quality_auto/39aeda_9f703fb096284f87a32f799f134c9314~mv2.jpg",https://static.wixstatic.com/media/39aeda_9f703fb096284f87a32f799f134c9314~mv2.jpg,racing-12-4d034c8a.jpg,racing,,4032,3024
"https://static.wixstatic.com/media/39aeda_a2a61c42440d44aca3ee7af75a94aef1~mv2.jpg/v1/fill/w_181,h_272,q_90,enc_avif,quality_auto/39aeda_a2a61c42440d44aca3ee7af75a94aef1~mv2.jpg",https://static.wixstatic.com/media/39aeda_a2a61c42440d44aca3ee7af75a94aef1~mv2.jpg,racing-13-3949197c.jpg,racing,,1363,2048
"https://static.wixstatic.com/media/39aeda_bde8951afb3148248c34d999419de425~mv2.jpg/v1/fill/w_189,h_126,q_90,enc_avif,quality_auto/39aeda_bde8951afb3148248c34d999419de425~mv2.jpg",https://static.wixstatic.com/media/39aeda_bde8951afb3148248c34d999419de425~mv2.jpg,racing-14-5689411e.jpg,racing,,6240,4160
"https://static.wixstatic.com/media/39aeda_bf8b51f3793e44a9966b643e6e7affd1~mv2.jpg/v1/fill/w_397,h_530,q_90,enc_avif,quality_auto/39aeda_bf8b51f3793e44a9966b643e6e7affd1~mv2.jpg",https://static.wixstatic.com/media/39aeda_bf8b51f3793e44a9966b643e6e7affd1~mv2.jpg,racing-15-55e382cf.jpg,racing,,3024,4032
"https://static.wixstatic.com/media/39aeda_cc5a492f0b7c48d0a3608dc665086515~mv2.jpg/v1/fill/w_137,h_182,q_90,enc_avif,quality_auto/39aeda_cc5a492f0b7c48d0a3608dc665086515~mv2.jpg",https://static.wixstatic.com/media/39aeda_cc5a492f0b7c48d0a3608dc665086515~mv2.jpg,racing-16-078437a5.jpg,racing,,3024,4032
"https://static.wixstatic.com/media/39aeda_cc76cd8416e4476ba76df8e497a40b9d~mv2.jpg/v1/fill/w_161,h_215,q_90,enc_avif,quality_auto/39aeda_cc76cd8416e4476ba76df8e497a40b9d~mv2.jpg",https://static.wixstatic.com/media/39aeda_cc76cd8416e4476ba76df8e497a40b9d~mv2.jpg,racing-17-ec9f512b.jpg,racing,,480,640
"https://static.wixstatic.com/media/39aeda_e34aa6cdc3c146c1ac22575256c5d224~mv2.jpg/v1/fill/w_260,h_346,q_90,enc_avif,quality_auto/39aeda_e34aa6cdc3c146c1ac22575256c5d224~mv2.jpg",https://static.wixstatic.com/media/39aeda_e34aa6cdc3c146c1ac22575256c5d224~mv2.jpg,racing-18-8cd86d86.jpg,racing,,2126,2835
"https://static.wixstatic.com/media/39aeda_f2f4ea9113dd4373b771e315e39f7309~mv2.jpg/v1/fill/w_458,h_305,q_90,enc_avif,quality_auto/39aeda_f2f4ea9113dd4373b771e315e39f7309~mv2.jpg",https://static.wixstatic.com/media/39aeda_f2f4ea9113dd4373b771e315e39f7309~mv2.jpg,racing-19-10d2592f.jpg,racing,,1500,998
"https://static.wixstatic.com/media/39aeda_6deb2773b03048ddb784990a7fd930d6~mv2.png/v1/fill/w_452,h_88,al_c,q_85,usm_0.66_1.00_0.01,enc_avif,quality_auto/TCO_stacked_grey_blue.png",https://static.wixstatic.com/media/39aeda_6deb2773b03048ddb784990a7fd930d6~mv2.png,sponsors-00-1ae83cc3.png,sponsors,TCO_stacked_grey_blue.png,8190,1595
"https://static.wixstatic.com/media/39aeda_ddf71c2ceef4453cb0d1c8eed2ef12c5~mv2.jpg/v1/fill/w_193,h_193,al_c,q_80,usm_0.66_1.00_0.01,enc_avif,quality_auto/KwikTripStacked_RedBG.jpg",https://static.wixstatic.com/media/39aeda_ddf71c2ceef4453cb0d1c8eed2ef12c5~mv2.jpg,sponsors-01-079cd33a.jpg,sponsors,KwikTripStacked_RedBG.jpg,620,620
